CLASS,LABEL,PATH,NUM_FRAMES,NUM_SEC,FPS
Diving-Side,0,train/Diving-Side/2538-12_70246_0.mp4,55,5,10
Diving-Side,0,train/Diving-Side/2538-12_70246_1.mp4,55,5,10
Diving-Side,0,train/Diving-Side/2538-12_70246_10.mp4,55,5,10
Diving-Side,0,train/Diving-Side/2538-12_70246_11.mp4,55,5,10
Diving-Side,0,train/Diving-Side/2538-12_70246_12.mp4,55,5,10
Diving-Side,0,train/Diving-Side/2538-12_70246_13.mp4,55,5,10
Diving-Side,0,train/Diving-Side/2538-12_70246_14.mp4,55,5,10
Diving-Side,0,train/Diving-Side/2538-12_70246_15.mp4,55,5,10
Diving-Side,0,train/Diving-Side/2538-12_70246_16.mp4,55,5,10
Diving-Side,0,train/Diving-Side/2538-12_70246_17.mp4,55,5,10
Diving-Side,0,train/Diving-Side/2538-12_70246_18.mp4,55,5,10
Diving-Side,0,train/Diving-Side/2538-12_70246_19.mp4,55,5,10
Diving-Side,0,train/Diving-Side/2538-12_70246_2.mp4,55,5,10
Diving-Side,0,train/Diving-Side/2538-12_70246_20.mp4,55,5,10
Diving-Side,0,train/Diving-Side/2538-12_70246_21.mp4,55,5,10
Diving-Side,0,train/Diving-Side/2538-12_70246_22.mp4,55,5,10
Diving-Side,0,train/Diving-Side/2538-12_70246_24.mp4,55,5,10
Diving-Side,0,train/Diving-Side/2538-12_70246_25.mp4,55,5,10
Diving-Side,0,train/Diving-Side/2538-12_70246_26.mp4,55,5,10
Diving-Side,0,train/Diving-Side/2538-12_70246_27.mp4,55,5,10
Diving-Side,0,train/Diving-Side/2538-12_70246_28.mp4,55,5,10
Diving-Side,0,train/Diving-Side/2538-12_70246_29.mp4,55,5,10
Diving-Side,0,train/Diving-Side/2538-12_70246_3.mp4,55,5,10
Diving-Side,0,train/Diving-Side/2538-12_70246_30.mp4,55,5,10
Diving-Side,0,train/Diving-Side/2538-12_70246_31.mp4,55,5,10
Diving-Side,0,train/Diving-Side/2538-12_70246_32.mp4,55,5,10
Diving-Side,0,train/Diving-Side/2538-12_70246_33.mp4,55,5,10
Diving-Side,0,train/Diving-Side/2538-12_70246_34.mp4,55,5,10
Diving-Side,0,train/Diving-Side/2538-12_70246_35.mp4,55,5,10
Diving-Side,0,train/Diving-Side/2538-12_70246_36.mp4,55,5,10
Diving-Side,0,train/Diving-Side/2538-12_70246_37.mp4,55,5,10
Diving-Side,0,train/Diving-Side/2538-12_70246_39.mp4,55,5,10
Diving-Side,0,train/Diving-Side/2538-12_70246_4.mp4,55,5,10
Diving-Side,0,train/Diving-Side/2538-12_70246_40.mp4,55,5,10
Diving-Side,0,train/Diving-Side/2538-12_70246_41.mp4,55,5,10
Diving-Side,0,train/Diving-Side/2538-12_70246_42.mp4,55,5,10
Diving-Side,0,train/Diving-Side/2538-12_70246_43.mp4,55,5,10
Diving-Side,0,train/Diving-Side/2538-12_70246_44.mp4,55,5,10
Diving-Side,0,train/Diving-Side/2538-12_70246_45.mp4,55,5,10
Diving-Side,0,train/Diving-Side/2538-12_70246_46.mp4,55,5,10
Diving-Side,0,train/Diving-Side/2538-12_70246_47.mp4,55,5,10
Diving-Side,0,train/Diving-Side/2538-12_70246_48.mp4,55,5,10
Diving-Side,0,train/Diving-Side/2538-12_70246_49.mp4,55,5,10
Diving-Side,0,train/Diving-Side/2538-12_70246_5.mp4,55,5,10
Diving-Side,0,train/Diving-Side/2538-12_70246_50.mp4,55,5,10
Diving-Side,0,train/Diving-Side/2538-12_70246_51.mp4,55,5,10
Diving-Side,0,train/Diving-Side/2538-12_70246_53.mp4,55,5,10
Diving-Side,0,train/Diving-Side/2538-12_70246_54.mp4,55,5,10
Diving-Side,0,train/Diving-Side/2538-12_70246_55.mp4,55,5,10
Diving-Side,0,train/Diving-Side/2538-12_70246_56.mp4,55,5,10
Diving-Side,0,train/Diving-Side/2538-12_70246_57.mp4,55,5,10
Diving-Side,0,train/Diving-Side/2538-12_70246_58.mp4,55,5,10
Diving-Side,0,train/Diving-Side/2538-12_70246_59.mp4,55,5,10
Diving-Side,0,train/Diving-Side/2538-12_70246_6.mp4,55,5,10
Diving-Side,0,train/Diving-Side/2538-12_70246_60.mp4,55,5,10
Diving-Side,0,train/Diving-Side/2538-12_70246_61.mp4,55,5,10
Diving-Side,0,train/Diving-Side/2538-12_70246_62.mp4,55,5,10
Diving-Side,0,train/Diving-Side/2538-12_70246_63.mp4,55,5,10
Diving-Side,0,train/Diving-Side/2538-12_70246_64.mp4,55,5,10
Diving-Side,0,train/Diving-Side/2538-12_70246_65.mp4,55,5,10
Diving-Side,0,train/Diving-Side/2538-12_70246_66.mp4,55,5,10
Diving-Side,0,train/Diving-Side/2538-12_70246_23.mp4,55,5,10
Diving-Side,0,train/Diving-Side/2538-12_70246_38.mp4,55,5,10
Diving-Side,0,train/Diving-Side/2538-12_70246_52.mp4,55,5,10
Diving-Side,0,train/Diving-Side/2538-12_70246_67.mp4,55,5,10
Diving-Side,0,train/Diving-Side/2538-12_70246_81.mp4,55,5,10
Diving-Side,0,train/Diving-Side/2538-12_70246_68.mp4,55,5,10
Diving-Side,0,train/Diving-Side/2538-12_70246_69.mp4,55,5,10
Diving-Side,0,train/Diving-Side/2538-12_70246_7.mp4,55,5,10
Diving-Side,0,train/Diving-Side/2538-12_70246_70.mp4,55,5,10
Diving-Side,0,train/Diving-Side/2538-12_70246_71.mp4,55,5,10
Diving-Side,0,train/Diving-Side/2538-12_70246_72.mp4,55,5,10
Diving-Side,0,train/Diving-Side/2538-12_70246_73.mp4,55,5,10
Diving-Side,0,train/Diving-Side/2538-12_70246_74.mp4,55,5,10
Diving-Side,0,train/Diving-Side/2538-12_70246_75.mp4,55,5,10
Diving-Side,0,train/Diving-Side/2538-12_70246_76.mp4,55,5,10
Diving-Side,0,train/Diving-Side/2538-12_70246_77.mp4,55,5,10
Diving-Side,0,train/Diving-Side/2538-12_70246_78.mp4,55,5,10
Diving-Side,0,train/Diving-Side/2538-12_70246_79.mp4,55,5,10
Diving-Side,0,train/Diving-Side/2538-12_70246_8.mp4,55,5,10
Diving-Side,0,train/Diving-Side/2538-12_70246_80.mp4,55,5,10
Diving-Side,0,train/Diving-Side/2538-12_70246_82.mp4,55,5,10
Diving-Side,0,train/Diving-Side/2538-12_70246_83.mp4,55,5,10
Diving-Side,0,train/Diving-Side/2538-12_70246_84.mp4,55,5,10
Diving-Side,0,train/Diving-Side/2538-12_70246_85.mp4,55,5,10
Diving-Side,0,train/Diving-Side/2538-12_70246_86.mp4,55,5,10
Diving-Side,0,train/Diving-Side/2538-12_70246_87.mp4,55,5,10
Diving-Side,0,train/Diving-Side/2538-12_70246_88.mp4,55,5,10
Diving-Side,0,train/Diving-Side/2538-12_70246_89.mp4,55,5,10
Diving-Side,0,train/Diving-Side/2538-12_70246_9.mp4,55,5,10
Diving-Side,0,train/Diving-Side/2538-12_70246_90.mp4,55,5,10
Diving-Side,0,train/Diving-Side/2538-12_70246_91.mp4,55,5,10
Diving-Side,0,train/Diving-Side/2538-12_70246_92.mp4,55,5,10
Diving-Side,0,train/Diving-Side/2538-12_70246_93.mp4,55,5,10
Diving-Side,0,train/Diving-Side/2538-12_70246_94.mp4,55,5,10
Diving-Side,0,train/Diving-Side/2538-12_70246_95.mp4,55,5,10
Diving-Side,0,train/Diving-Side/2538-12_70246_96.mp4,55,5,10
Diving-Side,0,train/Diving-Side/2538-12_70246_97.mp4,55,5,10
Diving-Side,0,train/Diving-Side/2538-12_70246_98.mp4,55,5,10
Diving-Side,0,train/Diving-Side/2538-12_70246_99.mp4,55,5,10
Golf-Swing,1,train/Golf-Swing/3283-8_700741_0.mp4,60,5,10
Golf-Swing,1,train/Golf-Swing/3283-8_700741_1.mp4,60,6,10
Golf-Swing,1,train/Golf-Swing/3283-8_700741_10.mp4,60,6,10
Golf-Swing,1,train/Golf-Swing/3283-8_700741_11.mp4,60,6,10
Golf-Swing,1,train/Golf-Swing/3283-8_700741_12.mp4,60,6,10
Golf-Swing,1,train/Golf-Swing/3283-8_700741_2.mp4,60,6,10
Golf-Swing,1,train/Golf-Swing/3283-8_700741_3.mp4,60,6,10
Golf-Swing,1,train/Golf-Swing/3283-8_700741_4.mp4,60,6,10
Golf-Swing,1,train/Golf-Swing/3283-8_700741_5.mp4,60,6,10
Golf-Swing,1,train/Golf-Swing/3283-8_700741_6.mp4,60,6,10
Golf-Swing,1,train/Golf-Swing/3283-8_700741_7.mp4,60,6,10
Golf-Swing,1,train/Golf-Swing/3283-8_700741_8.mp4,60,6,10
Golf-Swing,1,train/Golf-Swing/3283-8_700741_9.mp4,60,6,10
Golf-Swing,1,train/Golf-Swing/3283-8_701201_0.mp4,60,5,10
Golf-Swing,1,train/Golf-Swing/3283-8_701201_1.mp4,60,6,10
Golf-Swing,1,train/Golf-Swing/3283-8_701201_10.mp4,60,6,10
Golf-Swing,1,train/Golf-Swing/3283-8_701201_12.mp4,60,6,10
Golf-Swing,1,train/Golf-Swing/3283-8_701201_2.mp4,60,6,10
Golf-Swing,1,train/Golf-Swing/3283-8_701201_3.mp4,60,6,10
Golf-Swing,1,train/Golf-Swing/3283-8_701201_4.mp4,60,6,10
Golf-Swing,1,train/Golf-Swing/3283-8_701201_5.mp4,60,6,10
Golf-Swing,1,train/Golf-Swing/3283-8_701201_6.mp4,60,6,10
Golf-Swing,1,train/Golf-Swing/3283-8_701201_7.mp4,60,6,10
Golf-Swing,1,train/Golf-Swing/3283-8_701201_8.mp4,60,6,10
Golf-Swing,1,train/Golf-Swing/3283-8_701201_9.mp4,60,6,10
Golf-Swing,1,train/Golf-Swing/RF1-13157_70040_0.mp4,60,5,10
Golf-Swing,1,train/Golf-Swing/RF1-13157_70040_1.mp4,60,6,10
Golf-Swing,1,train/Golf-Swing/RF1-13157_70040_10.mp4,60,6,10
Golf-Swing,1,train/Golf-Swing/RF1-13157_70040_11.mp4,60,6,10
Golf-Swing,1,train/Golf-Swing/RF1-13157_70040_12.mp4,60,6,10
Golf-Swing,1,train/Golf-Swing/RF1-13157_70040_2.mp4,60,6,10
Golf-Swing,1,train/Golf-Swing/RF1-13157_70040_4.mp4,60,6,10
Golf-Swing,1,train/Golf-Swing/RF1-13157_70040_5.mp4,60,6,10
Golf-Swing,1,train/Golf-Swing/RF1-13157_70040_6.mp4,60,6,10
Golf-Swing,1,train/Golf-Swing/RF1-13157_70040_7.mp4,60,6,10
Golf-Swing,1,train/Golf-Swing/RF1-13157_70040_8.mp4,60,6,10
Golf-Swing,1,train/Golf-Swing/RF1-13157_70040_9.mp4,60,6,10
Golf-Swing,1,train/Golf-Swing/RF1-13207_7015_0.mp4,60,5,10
Golf-Swing,1,train/Golf-Swing/RF1-13207_7015_1.mp4,60,6,10
Golf-Swing,1,train/Golf-Swing/RF1-13207_7015_10.mp4,60,6,10
Golf-Swing,1,train/Golf-Swing/RF1-13207_7015_11.mp4,60,6,10
Golf-Swing,1,train/Golf-Swing/RF1-13207_7015_12.mp4,60,6,10
Golf-Swing,1,train/Golf-Swing/RF1-13207_7015_2.mp4,60,6,10
Golf-Swing,1,train/Golf-Swing/RF1-13207_7015_3.mp4,60,6,10
Golf-Swing,1,train/Golf-Swing/RF1-13207_7015_4.mp4,60,6,10
Golf-Swing,1,train/Golf-Swing/RF1-13207_7015_5.mp4,60,6,10
Golf-Swing,1,train/Golf-Swing/RF1-13207_7015_7.mp4,60,6,10
Golf-Swing,1,train/Golf-Swing/RF1-13207_7015_8.mp4,60,6,10
Golf-Swing,1,train/Golf-Swing/RF1-13207_7015_9.mp4,60,6,10
Golf-Swing,1,train/Golf-Swing/RF1-13428_70288_0.mp4,60,5,10
Golf-Swing,1,train/Golf-Swing/RF1-13428_70288_1.mp4,60,6,10
Golf-Swing,1,train/Golf-Swing/RF1-13428_70288_10.mp4,60,6,10
Golf-Swing,1,train/Golf-Swing/RF1-13428_70288_11.mp4,60,6,10
Golf-Swing,1,train/Golf-Swing/RF1-13428_70288_12.mp4,60,6,10
Golf-Swing,1,train/Golf-Swing/RF1-13428_70288_2.mp4,60,6,10
Golf-Swing,1,train/Golf-Swing/RF1-13428_70288_3.mp4,60,6,10
Golf-Swing,1,train/Golf-Swing/RF1-13428_70288_4.mp4,60,6,10
Golf-Swing,1,train/Golf-Swing/RF1-13428_70288_5.mp4,60,6,10
Golf-Swing,1,train/Golf-Swing/RF1-13428_70288_6.mp4,60,6,10
Golf-Swing,1,train/Golf-Swing/RF1-13428_70288_7.mp4,60,6,10
Golf-Swing,1,train/Golf-Swing/RF1-13428_70288_8.mp4,60,6,10
Golf-Swing,1,train/Golf-Swing/3283-8_701201_11.mp4,60,6,10
Golf-Swing,1,train/Golf-Swing/RF1-13157_70040_3.mp4,60,6,10
Golf-Swing,1,train/Golf-Swing/RF1-13207_7015_6.mp4,60,6,10
Golf-Swing,1,train/Golf-Swing/RF1-13428_70288_9.mp4,60,6,10
Golf-Swing,1,train/Golf-Swing/RF1-13678_70045_10.mp4,60,6,10
Golf-Swing,1,train/Golf-Swing/RF1-13588_70046_0.mp4,60,5,10
Golf-Swing,1,train/Golf-Swing/RF1-13588_70046_1.mp4,60,6,10
Golf-Swing,1,train/Golf-Swing/RF1-13588_70046_10.mp4,60,6,10
Golf-Swing,1,train/Golf-Swing/RF1-13588_70046_11.mp4,60,6,10
Golf-Swing,1,train/Golf-Swing/RF1-13588_70046_12.mp4,60,6,10
Golf-Swing,1,train/Golf-Swing/RF1-13588_70046_2.mp4,60,6,10
Golf-Swing,1,train/Golf-Swing/RF1-13588_70046_3.mp4,60,6,10
Golf-Swing,1,train/Golf-Swing/RF1-13588_70046_4.mp4,60,6,10
Golf-Swing,1,train/Golf-Swing/RF1-13588_70046_5.mp4,60,6,10
Golf-Swing,1,train/Golf-Swing/RF1-13588_70046_6.mp4,60,6,10
Golf-Swing,1,train/Golf-Swing/RF1-13588_70046_7.mp4,60,6,10
Golf-Swing,1,train/Golf-Swing/RF1-13588_70046_8.mp4,60,6,10
Golf-Swing,1,train/Golf-Swing/RF1-13588_70046_9.mp4,60,6,10
Golf-Swing,1,train/Golf-Swing/RF1-13678_70045_0.mp4,60,5,10
Golf-Swing,1,train/Golf-Swing/RF1-13678_70045_1.mp4,60,6,10
Golf-Swing,1,train/Golf-Swing/RF1-13678_70045_11.mp4,60,6,10
Golf-Swing,1,train/Golf-Swing/RF1-13678_70045_12.mp4,60,6,10
Golf-Swing,1,train/Golf-Swing/RF1-13678_70045_2.mp4,60,6,10
Golf-Swing,1,train/Golf-Swing/RF1-13678_70045_3.mp4,60,6,10
Golf-Swing,1,train/Golf-Swing/RF1-13678_70045_4.mp4,60,6,10
Golf-Swing,1,train/Golf-Swing/RF1-13678_70045_5.mp4,60,6,10
Golf-Swing,1,train/Golf-Swing/RF1-13678_70045_6.mp4,60,6,10
Golf-Swing,1,train/Golf-Swing/RF1-13678_70045_7.mp4,60,6,10
Golf-Swing,1,train/Golf-Swing/RF1-13678_70045_8.mp4,60,6,10
Golf-Swing,1,train/Golf-Swing/RF1-13678_70045_9.mp4,60,6,10
Golf-Swing,1,train/Golf-Swing/RF1-13903_70070_0.mp4,60,5,10
Golf-Swing,1,train/Golf-Swing/RF1-13903_70070_1.mp4,60,6,10
Golf-Swing,1,train/Golf-Swing/RF1-13903_70070_10.mp4,60,6,10
Golf-Swing,1,train/Golf-Swing/RF1-13903_70070_11.mp4,60,6,10
Golf-Swing,1,train/Golf-Swing/RF1-13903_70070_12.mp4,60,6,10
Golf-Swing,1,train/Golf-Swing/RF1-13903_70070_2.mp4,60,6,10
Golf-Swing,1,train/Golf-Swing/RF1-13903_70070_3.mp4,60,6,10
Golf-Swing,1,train/Golf-Swing/RF1-13903_70070_4.mp4,60,6,10
Golf-Swing,1,train/Golf-Swing/RF1-13903_70070_5.mp4,60,6,10
Golf-Swing,1,train/Golf-Swing/RF1-13903_70070_6.mp4,60,6,10
Golf-Swing,1,train/Golf-Swing/RF1-13903_70070_7.mp4,60,6,10
Golf-Swing,1,train/Golf-Swing/RF1-13903_70070_8.mp4,60,6,10
Golf-Swing,1,train/Golf-Swing/RF1-13903_70070_9.mp4,60,6,10
Kicking,2,train/Kicking/3833-15_70577_0.mp4,23,2,10
Kicking,2,train/Kicking/3833-15_70577_1.mp4,23,2,10
Kicking,2,train/Kicking/3833-15_70577_2.mp4,23,2,10
Kicking,2,train/Kicking/3833-15_70577_3.mp4,23,2,10
Kicking,2,train/Kicking/3833-15_70577_4.mp4,23,2,10
Kicking,2,train/Kicking/3833-15_70577_5.mp4,23,2,10
Kicking,2,train/Kicking/3833-15_70577_6.mp4,23,2,10
Kicking,2,train/Kicking/3833-15_70577_7.mp4,23,2,10
Kicking,2,train/Kicking/3833-15_70577_8.mp4,23,2,10
Kicking,2,train/Kicking/3833-15_70577_9.mp4,23,2,10
Kicking,2,train/Kicking/3833-27_70006_0.mp4,23,2,10
Kicking,2,train/Kicking/3833-27_70006_1.mp4,23,2,10
Kicking,2,train/Kicking/3833-27_70006_2.mp4,23,2,10
Kicking,2,train/Kicking/3833-27_70006_3.mp4,23,2,10
Kicking,2,train/Kicking/3833-27_70006_4.mp4,23,2,10
Kicking,2,train/Kicking/3833-27_70006_5.mp4,23,2,10
Kicking,2,train/Kicking/3833-27_70006_7.mp4,23,2,10
Kicking,2,train/Kicking/3833-27_70006_8.mp4,23,2,10
Kicking,2,train/Kicking/3833-27_70006_9.mp4,23,2,10
Kicking,2,train/Kicking/3833-40_70336_0.mp4,23,2,10
Kicking,2,train/Kicking/3833-40_70336_1.mp4,23,2,10
Kicking,2,train/Kicking/3833-40_70336_2.mp4,23,2,10
Kicking,2,train/Kicking/3833-40_70336_3.mp4,23,2,10
Kicking,2,train/Kicking/3833-40_70336_4.mp4,23,2,10
Kicking,2,train/Kicking/3833-40_70336_5.mp4,23,2,10
Kicking,2,train/Kicking/3833-40_70336_6.mp4,23,2,10
Kicking,2,train/Kicking/3833-40_70336_7.mp4,23,2,10
Kicking,2,train/Kicking/3833-40_70336_8.mp4,23,2,10
Kicking,2,train/Kicking/3833-40_70336_9.mp4,23,2,10
Kicking,2,train/Kicking/3833-41_70187_0.mp4,23,2,10
Kicking,2,train/Kicking/3833-41_70187_1.mp4,23,2,10
Kicking,2,train/Kicking/3833-41_70187_2.mp4,23,2,10
Kicking,2,train/Kicking/3833-41_70187_4.mp4,23,2,10
Kicking,2,train/Kicking/3833-41_70187_5.mp4,23,2,10
Kicking,2,train/Kicking/3833-41_70187_6.mp4,23,2,10
Kicking,2,train/Kicking/3833-41_70187_7.mp4,23,2,10
Kicking,2,train/Kicking/3833-41_70187_8.mp4,23,2,10
Kicking,2,train/Kicking/3833-41_70187_9.mp4,23,2,10
Kicking,2,train/Kicking/3949-12_70207_0.mp4,23,2,10
Kicking,2,train/Kicking/3949-12_70207_1.mp4,23,2,10
Kicking,2,train/Kicking/3949-12_70207_2.mp4,23,2,10
Kicking,2,train/Kicking/3949-12_70207_3.mp4,23,2,10
Kicking,2,train/Kicking/3949-12_70207_4.mp4,23,2,10
Kicking,2,train/Kicking/3949-12_70207_5.mp4,23,2,10
Kicking,2,train/Kicking/3949-12_70207_6.mp4,23,2,10
Kicking,2,train/Kicking/3949-12_70207_7.mp4,23,2,10
Kicking,2,train/Kicking/3949-12_70207_8.mp4,23,2,10
Kicking,2,train/Kicking/3949-12_70207_9.mp4,23,2,10
Kicking,2,train/Kicking/5117-8_70113_1.mp4,23,2,10
Kicking,2,train/Kicking/5117-8_70113_2.mp4,23,2,10
Kicking,2,train/Kicking/5117-8_70113_3.mp4,23,2,10
Kicking,2,train/Kicking/5117-8_70113_4.mp4,23,2,10
Kicking,2,train/Kicking/5117-8_70113_5.mp4,23,2,10
Kicking,2,train/Kicking/5117-8_70113_6.mp4,23,2,10
Kicking,2,train/Kicking/5117-8_70113_7.mp4,23,2,10
Kicking,2,train/Kicking/5117-8_70113_8.mp4,23,2,10
Kicking,2,train/Kicking/5117-8_70113_9.mp4,23,2,10
Kicking,2,train/Kicking/5117-8_70350_0.mp4,23,2,10
Kicking,2,train/Kicking/5117-8_70350_1.mp4,23,2,10
Kicking,2,train/Kicking/5117-8_70350_2.mp4,23,2,10
Kicking,2,train/Kicking/5117-8_70350_3.mp4,23,2,10
Kicking,2,train/Kicking/5117-8_70350_4.mp4,23,2,10
Kicking,2,train/Kicking/5117-8_70350_5.mp4,23,2,10
Kicking,2,train/Kicking/5117-8_70350_6.mp4,23,2,10
Kicking,2,train/Kicking/3833-27_70006_6.mp4,23,2,10
Kicking,2,train/Kicking/3833-41_70187_3.mp4,23,2,10
Kicking,2,train/Kicking/5117-8_70113_0.mp4,23,2,10
Kicking,2,train/Kicking/5117-8_70350_7.mp4,23,2,10
Kicking,2,train/Kicking/6063-20_70333_3.mp4,23,2,10
Kicking,2,train/Kicking/5117-8_70350_8.mp4,23,2,10
Kicking,2,train/Kicking/5117-8_70350_9.mp4,23,2,10
Kicking,2,train/Kicking/5863-29_70025_0.mp4,23,2,10
Kicking,2,train/Kicking/5863-29_70025_1.mp4,23,2,10
Kicking,2,train/Kicking/5863-29_70025_2.mp4,23,2,10
Kicking,2,train/Kicking/5863-29_70025_3.mp4,23,2,10
Kicking,2,train/Kicking/5863-29_70025_4.mp4,23,2,10
Kicking,2,train/Kicking/5863-29_70025_5.mp4,23,2,10
Kicking,2,train/Kicking/5863-29_70025_6.mp4,23,2,10
Kicking,2,train/Kicking/5863-29_70025_7.mp4,23,2,10
Kicking,2,train/Kicking/5863-29_70025_8.mp4,23,2,10
Kicking,2,train/Kicking/5863-29_70025_9.mp4,23,2,10
Kicking,2,train/Kicking/6063-20_70333_0.mp4,23,2,10
Kicking,2,train/Kicking/6063-20_70333_1.mp4,23,2,10
Kicking,2,train/Kicking/6063-20_70333_2.mp4,23,2,10
Kicking,2,train/Kicking/6063-20_70333_4.mp4,23,2,10
Kicking,2,train/Kicking/6063-20_70333_5.mp4,23,2,10
Kicking,2,train/Kicking/6063-20_70333_6.mp4,23,2,10
Kicking,2,train/Kicking/6063-20_70333_7.mp4,23,2,10
Kicking,2,train/Kicking/6063-20_70333_8.mp4,23,2,10
Kicking,2,train/Kicking/6063-20_70333_9.mp4,23,2,10
Kicking,2,train/Kicking/pstch3_clp16_0079_l050_0.mp4,23,2,10
Kicking,2,train/Kicking/pstch3_clp16_0079_l050_1.mp4,23,2,10
Kicking,2,train/Kicking/pstch3_clp16_0079_l050_2.mp4,23,2,10
Kicking,2,train/Kicking/pstch3_clp16_0079_l050_3.mp4,23,2,10
Kicking,2,train/Kicking/pstch3_clp16_0079_l050_4.mp4,23,2,10
Kicking,2,train/Kicking/pstch3_clp16_0079_l050_5.mp4,23,2,10
Kicking,2,train/Kicking/pstch3_clp16_0079_l050_6.mp4,23,2,10
Kicking,2,train/Kicking/pstch3_clp16_0079_l050_7.mp4,23,2,10
Kicking,2,train/Kicking/pstch3_clp16_0079_l050_8.mp4,23,2,10
Kicking,2,train/Kicking/pstch3_clp16_0079_l050_9.mp4,23,2,10
Lifting,3,train/Lifting/3528-10_70424_0.mp4,127,12,10
Lifting,3,train/Lifting/3528-10_70424_1.mp4,127,12,10
Lifting,3,train/Lifting/3528-10_70424_10.mp4,127,12,10
Lifting,3,train/Lifting/3528-10_70424_11.mp4,127,12,10
Lifting,3,train/Lifting/3528-10_70424_12.mp4,127,12,10
Lifting,3,train/Lifting/3528-10_70424_13.mp4,127,12,10
Lifting,3,train/Lifting/3528-10_70424_14.mp4,127,12,10
Lifting,3,train/Lifting/3528-10_70424_15.mp4,127,12,10
Lifting,3,train/Lifting/3528-10_70424_16.mp4,127,12,10
Lifting,3,train/Lifting/3528-10_70424_17.mp4,127,12,10
Lifting,3,train/Lifting/3528-10_70424_18.mp4,127,12,10
Lifting,3,train/Lifting/3528-10_70424_19.mp4,127,12,10
Lifting,3,train/Lifting/3528-10_70424_2.mp4,127,12,10
Lifting,3,train/Lifting/3528-10_70424_20.mp4,127,12,10
Lifting,3,train/Lifting/3528-10_70424_21.mp4,127,12,10
Lifting,3,train/Lifting/3528-10_70424_22.mp4,127,12,10
Lifting,3,train/Lifting/3528-10_70424_24.mp4,127,12,10
Lifting,3,train/Lifting/3528-10_70424_25.mp4,127,12,10
Lifting,3,train/Lifting/3528-10_70424_26.mp4,127,12,10
Lifting,3,train/Lifting/3528-10_70424_27.mp4,127,12,10
Lifting,3,train/Lifting/3528-10_70424_28.mp4,127,12,10
Lifting,3,train/Lifting/3528-10_70424_29.mp4,127,12,10
Lifting,3,train/Lifting/3528-10_70424_3.mp4,127,12,10
Lifting,3,train/Lifting/3528-10_70424_30.mp4,127,12,10
Lifting,3,train/Lifting/3528-10_70424_31.mp4,127,12,10
Lifting,3,train/Lifting/3528-10_70424_32.mp4,127,12,10
Lifting,3,train/Lifting/3528-10_70424_4.mp4,127,12,10
Lifting,3,train/Lifting/3528-10_70424_5.mp4,127,12,10
Lifting,3,train/Lifting/3528-10_70424_6.mp4,127,12,10
Lifting,3,train/Lifting/3528-10_70424_7.mp4,127,12,10
Lifting,3,train/Lifting/3528-10_70424_8.mp4,127,12,10
Lifting,3,train/Lifting/3528-6_70(2)268_0.mp4,123,12,10
Lifting,3,train/Lifting/3528-6_70(2)268_1.mp4,123,12,10
Lifting,3,train/Lifting/3528-6_70(2)268_10.mp4,123,12,10
Lifting,3,train/Lifting/3528-6_70(2)268_11.mp4,123,12,10
Lifting,3,train/Lifting/3528-6_70(2)268_12.mp4,123,12,10
Lifting,3,train/Lifting/3528-6_70(2)268_13.mp4,123,12,10
Lifting,3,train/Lifting/3528-6_70(2)268_14.mp4,123,12,10
Lifting,3,train/Lifting/3528-6_70(2)268_15.mp4,123,12,10
Lifting,3,train/Lifting/3528-6_70(2)268_16.mp4,123,12,10
Lifting,3,train/Lifting/3528-6_70(2)268_17.mp4,123,12,10
Lifting,3,train/Lifting/3528-6_70(2)268_18.mp4,123,12,10
Lifting,3,train/Lifting/3528-6_70(2)268_19.mp4,123,12,10
Lifting,3,train/Lifting/3528-6_70(2)268_2.mp4,123,12,10
Lifting,3,train/Lifting/3528-6_70(2)268_20.mp4,123,12,10
Lifting,3,train/Lifting/3528-6_70(2)268_21.mp4,123,12,10
Lifting,3,train/Lifting/3528-6_70(2)268_22.mp4,123,12,10
Lifting,3,train/Lifting/3528-6_70(2)268_24.mp4,123,12,10
Lifting,3,train/Lifting/3528-6_70(2)268_25.mp4,123,12,10
Lifting,3,train/Lifting/3528-6_70(2)268_26.mp4,123,12,10
Lifting,3,train/Lifting/3528-6_70(2)268_27.mp4,123,12,10
Lifting,3,train/Lifting/3528-6_70(2)268_28.mp4,123,12,10
Lifting,3,train/Lifting/3528-6_70(2)268_29.mp4,123,12,10
Lifting,3,train/Lifting/3528-6_70(2)268_3.mp4,123,12,10
Lifting,3,train/Lifting/3528-6_70(2)268_30.mp4,123,12,10
Lifting,3,train/Lifting/3528-6_70(2)268_31.mp4,123,12,10
Lifting,3,train/Lifting/3528-6_70(2)268_32.mp4,123,12,10
Lifting,3,train/Lifting/3528-6_70(2)268_4.mp4,123,12,10
Lifting,3,train/Lifting/3528-6_70(2)268_5.mp4,123,12,10
Lifting,3,train/Lifting/3528-6_70(2)268_6.mp4,123,12,10
Lifting,3,train/Lifting/3528-6_70(2)268_7.mp4,123,12,10
Lifting,3,train/Lifting/3528-6_70(2)268_8.mp4,123,12,10
Lifting,3,train/Lifting/3528-6_70(2)268_9.mp4,123,12,10
Lifting,3,train/Lifting/3528-8_70514_0.mp4,113,11,10
Lifting,3,train/Lifting/3528-10_70424_23.mp4,127,12,10
Lifting,3,train/Lifting/3528-10_70424_9.mp4,127,12,10
Lifting,3,train/Lifting/3528-6_70(2)268_23.mp4,123,12,10
Lifting,3,train/Lifting/3528-8_70514_1.mp4,113,11,10
Lifting,3,train/Lifting/3528-8_70514_10.mp4,113,11,10
Lifting,3,train/Lifting/3528-8_70514_11.mp4,113,11,10
Lifting,3,train/Lifting/3528-8_70514_12.mp4,113,11,10
Lifting,3,train/Lifting/3528-8_70514_13.mp4,113,11,10
Lifting,3,train/Lifting/3528-8_70514_14.mp4,113,11,10
Lifting,3,train/Lifting/3528-8_70514_15.mp4,113,11,10
Lifting,3,train/Lifting/3528-8_70514_16.mp4,113,11,10
Lifting,3,train/Lifting/3528-8_70514_17.mp4,113,11,10
Lifting,3,train/Lifting/3528-8_70514_18.mp4,113,11,10
Lifting,3,train/Lifting/3528-8_70514_19.mp4,113,11,10
Lifting,3,train/Lifting/3528-8_70514_2.mp4,113,11,10
Lifting,3,train/Lifting/3528-8_70514_20.mp4,113,11,10
Lifting,3,train/Lifting/3528-8_70514_21.mp4,113,11,10
Lifting,3,train/Lifting/3528-8_70514_22.mp4,113,11,10
Lifting,3,train/Lifting/3528-8_70514_23.mp4,113,11,10
Lifting,3,train/Lifting/3528-8_70514_24.mp4,113,11,10
Lifting,3,train/Lifting/3528-8_70514_25.mp4,113,11,10
Lifting,3,train/Lifting/3528-8_70514_26.mp4,113,11,10
Lifting,3,train/Lifting/3528-8_70514_27.mp4,113,11,10
Lifting,3,train/Lifting/3528-8_70514_28.mp4,113,11,10
Lifting,3,train/Lifting/3528-8_70514_29.mp4,113,11,10
Lifting,3,train/Lifting/3528-8_70514_3.mp4,113,11,10
Lifting,3,train/Lifting/3528-8_70514_30.mp4,113,11,10
Lifting,3,train/Lifting/3528-8_70514_31.mp4,113,11,10
Lifting,3,train/Lifting/3528-8_70514_32.mp4,113,11,10
Lifting,3,train/Lifting/3528-8_70514_4.mp4,113,11,10
Lifting,3,train/Lifting/3528-8_70514_5.mp4,113,11,10
Lifting,3,train/Lifting/3528-8_70514_6.mp4,113,11,10
Lifting,3,train/Lifting/3528-8_70514_7.mp4,113,11,10
Lifting,3,train/Lifting/3528-8_70514_8.mp4,113,11,10
Lifting,3,train/Lifting/3528-8_70514_9.mp4,113,11,10
Riding-Horse,4,train/Riding-Horse/1098-6_70000_0.mp4,58,5,10
Riding-Horse,4,train/Riding-Horse/1098-6_70000_1.mp4,58,5,10
Riding-Horse,4,train/Riding-Horse/1098-6_70000_10.mp4,58,5,10
Riding-Horse,4,train/Riding-Horse/1098-6_70000_11.mp4,58,5,10
Riding-Horse,4,train/Riding-Horse/1098-6_70000_12.mp4,58,5,10
Riding-Horse,4,train/Riding-Horse/1098-6_70000_13.mp4,58,5,10
Riding-Horse,4,train/Riding-Horse/1098-6_70000_14.mp4,58,5,10
Riding-Horse,4,train/Riding-Horse/1098-6_70000_15.mp4,58,5,10
Riding-Horse,4,train/Riding-Horse/1098-6_70000_16.mp4,58,5,10
Riding-Horse,4,train/Riding-Horse/1098-6_70000_2.mp4,58,5,10
Riding-Horse,4,train/Riding-Horse/1098-6_70000_3.mp4,58,5,10
Riding-Horse,4,train/Riding-Horse/1098-6_70000_4.mp4,58,5,10
Riding-Horse,4,train/Riding-Horse/1098-6_70000_5.mp4,58,5,10
Riding-Horse,4,train/Riding-Horse/1098-6_70000_6.mp4,58,5,10
Riding-Horse,4,train/Riding-Horse/1098-6_70000_7.mp4,58,5,10
Riding-Horse,4,train/Riding-Horse/1098-6_70000_8.mp4,58,5,10
Riding-Horse,4,train/Riding-Horse/4456-16_700165_0.mp4,60,5,10
Riding-Horse,4,train/Riding-Horse/4456-16_700165_1.mp4,60,6,10
Riding-Horse,4,train/Riding-Horse/4456-16_700165_10.mp4,60,6,10
Riding-Horse,4,train/Riding-Horse/4456-16_700165_11.mp4,60,6,10
Riding-Horse,4,train/Riding-Horse/4456-16_700165_12.mp4,60,6,10
Riding-Horse,4,train/Riding-Horse/4456-16_700165_13.mp4,60,6,10
Riding-Horse,4,train/Riding-Horse/4456-16_700165_14.mp4,60,6,10
Riding-Horse,4,train/Riding-Horse/4456-16_700165_15.mp4,60,6,10
Riding-Horse,4,train/Riding-Horse/4456-16_700165_16.mp4,60,6,10
Riding-Horse,4,train/Riding-Horse/4456-16_700165_2.mp4,60,6,10
Riding-Horse,4,train/Riding-Horse/4456-16_700165_3.mp4,60,6,10
Riding-Horse,4,train/Riding-Horse/4456-16_700165_4.mp4,60,6,10
Riding-Horse,4,train/Riding-Horse/4456-16_700165_5.mp4,60,6,10
Riding-Horse,4,train/Riding-Horse/4456-16_700165_6.mp4,60,6,10
Riding-Horse,4,train/Riding-Horse/4456-16_700165_7.mp4,60,6,10
Riding-Horse,4,train/Riding-Horse/4456-16_700165_9.mp4,60,6,10
Riding-Horse,4,train/Riding-Horse/4456-16_700273_0.mp4,60,5,10
Riding-Horse,4,train/Riding-Horse/4456-16_700273_1.mp4,60,6,10
Riding-Horse,4,train/Riding-Horse/4456-16_700273_10.mp4,60,6,10
Riding-Horse,4,train/Riding-Horse/4456-16_700273_11.mp4,60,6,10
Riding-Horse,4,train/Riding-Horse/4456-16_700273_12.mp4,60,6,10
Riding-Horse,4,train/Riding-Horse/4456-16_700273_13.mp4,60,6,10
Riding-Horse,4,train/Riding-Horse/4456-16_700273_14.mp4,60,6,10
Riding-Horse,4,train/Riding-Horse/4456-16_700273_15.mp4,60,6,10
Riding-Horse,4,train/Riding-Horse/4456-16_700273_16.mp4,60,6,10
Riding-Horse,4,train/Riding-Horse/4456-16_700273_2.mp4,60,6,10
Riding-Horse,4,train/Riding-Horse/4456-16_700273_3.mp4,60,6,10
Riding-Horse,4,train/Riding-Horse/4456-16_700273_4.mp4,60,6,10
Riding-Horse,4,train/Riding-Horse/4456-16_700273_5.mp4,60,6,10
Riding-Horse,4,train/Riding-Horse/4456-16_700273_6.mp4,60,6,10
Riding-Horse,4,train/Riding-Horse/4456-16_700273_8.mp4,60,6,10
Riding-Horse,4,train/Riding-Horse/4456-16_700273_9.mp4,60,6,10
Riding-Horse,4,train/Riding-Horse/4456-16_700406_0.mp4,60,5,10
Riding-Horse,4,train/Riding-Horse/4456-16_700406_1.mp4,60,6,10
Riding-Horse,4,train/Riding-Horse/4456-16_700406_10.mp4,60,6,10
Riding-Horse,4,train/Riding-Horse/4456-16_700406_11.mp4,60,6,10
Riding-Horse,4,train/Riding-Horse/4456-16_700406_12.mp4,60,6,10
Riding-Horse,4,train/Riding-Horse/4456-16_700406_13.mp4,60,6,10
Riding-Horse,4,train/Riding-Horse/4456-16_700406_14.mp4,60,6,10
Riding-Horse,4,train/Riding-Horse/4456-16_700406_15.mp4,60,6,10
Riding-Horse,4,train/Riding-Horse/4456-16_700406_16.mp4,60,6,10
Riding-Horse,4,train/Riding-Horse/4456-16_700406_2.mp4,60,6,10
Riding-Horse,4,train/Riding-Horse/4456-16_700406_3.mp4,60,6,10
Riding-Horse,4,train/Riding-Horse/4456-16_700406_4.mp4,60,6,10
Riding-Horse,4,train/Riding-Horse/4456-16_700406_5.mp4,60,6,10
Riding-Horse,4,train/Riding-Horse/1098-6_70000_9.mp4,58,5,10
Riding-Horse,4,train/Riding-Horse/4456-16_700165_8.mp4,60,6,10
Riding-Horse,4,train/Riding-Horse/4456-16_700273_7.mp4,60,6,10
Riding-Horse,4,train/Riding-Horse/4456-16_700406_6.mp4,60,6,10
Riding-Horse,4,train/Riding-Horse/4456-16_700516_5.mp4,60,6,10
Riding-Horse,4,train/Riding-Horse/4456-16_700406_7.mp4,60,6,10
Riding-Horse,4,train/Riding-Horse/4456-16_700406_8.mp4,60,6,10
Riding-Horse,4,train/Riding-Horse/4456-16_700406_9.mp4,60,6,10
Riding-Horse,4,train/Riding-Horse/4456-16_700516_0.mp4,60,5,10
Riding-Horse,4,train/Riding-Horse/4456-16_700516_1.mp4,60,6,10
Riding-Horse,4,train/Riding-Horse/4456-16_700516_10.mp4,60,6,10
Riding-Horse,4,train/Riding-Horse/4456-16_700516_11.mp4,60,6,10
Riding-Horse,4,train/Riding-Horse/4456-16_700516_12.mp4,60,6,10
Riding-Horse,4,train/Riding-Horse/4456-16_700516_13.mp4,60,6,10
Riding-Horse,4,train/Riding-Horse/4456-16_700516_14.mp4,60,6,10
Riding-Horse,4,train/Riding-Horse/4456-16_700516_15.mp4,60,6,10
Riding-Horse,4,train/Riding-Horse/4456-16_700516_16.mp4,60,6,10
Riding-Horse,4,train/Riding-Horse/4456-16_700516_2.mp4,60,6,10
Riding-Horse,4,train/Riding-Horse/4456-16_700516_3.mp4,60,6,10
Riding-Horse,4,train/Riding-Horse/4456-16_700516_4.mp4,60,6,10
Riding-Horse,4,train/Riding-Horse/4456-16_700516_6.mp4,60,6,10
Riding-Horse,4,train/Riding-Horse/4456-16_700516_7.mp4,60,6,10
Riding-Horse,4,train/Riding-Horse/4456-16_700516_8.mp4,60,6,10
Riding-Horse,4,train/Riding-Horse/4456-16_700516_9.mp4,60,6,10
Riding-Horse,4,train/Riding-Horse/RF1-12001_70063_0.mp4,60,5,10
Riding-Horse,4,train/Riding-Horse/RF1-12001_70063_1.mp4,60,6,10
Riding-Horse,4,train/Riding-Horse/RF1-12001_70063_10.mp4,60,6,10
Riding-Horse,4,train/Riding-Horse/RF1-12001_70063_11.mp4,60,6,10
Riding-Horse,4,train/Riding-Horse/RF1-12001_70063_12.mp4,60,6,10
Riding-Horse,4,train/Riding-Horse/RF1-12001_70063_13.mp4,60,6,10
Riding-Horse,4,train/Riding-Horse/RF1-12001_70063_14.mp4,60,6,10
Riding-Horse,4,train/Riding-Horse/RF1-12001_70063_15.mp4,60,6,10
Riding-Horse,4,train/Riding-Horse/RF1-12001_70063_16.mp4,60,6,10
Riding-Horse,4,train/Riding-Horse/RF1-12001_70063_2.mp4,60,6,10
Riding-Horse,4,train/Riding-Horse/RF1-12001_70063_3.mp4,60,6,10
Riding-Horse,4,train/Riding-Horse/RF1-12001_70063_4.mp4,60,6,10
Riding-Horse,4,train/Riding-Horse/RF1-12001_70063_5.mp4,60,6,10
Riding-Horse,4,train/Riding-Horse/RF1-12001_70063_6.mp4,60,6,10
Riding-Horse,4,train/Riding-Horse/RF1-12001_70063_7.mp4,60,6,10
Riding-Horse,4,train/Riding-Horse/RF1-12001_70063_8.mp4,60,6,10
Riding-Horse,4,train/Riding-Horse/RF1-12001_70063_9.mp4,60,6,10
Run-Side,5,train/Run-Side/5117-8_70157_0.mp4,65,6,10
Run-Side,5,train/Run-Side/5117-8_70157_1.mp4,65,6,10
Run-Side,5,train/Run-Side/5117-8_70157_10.mp4,65,6,10
Run-Side,5,train/Run-Side/5117-8_70157_11.mp4,65,6,10
Run-Side,5,train/Run-Side/5117-8_70157_12.mp4,65,6,10
Run-Side,5,train/Run-Side/5117-8_70157_13.mp4,65,6,10
Run-Side,5,train/Run-Side/5117-8_70157_14.mp4,65,6,10
Run-Side,5,train/Run-Side/5117-8_70157_15.mp4,65,6,10
Run-Side,5,train/Run-Side/5117-8_70157_16.mp4,65,6,10
Run-Side,5,train/Run-Side/5117-8_70157_2.mp4,65,6,10
Run-Side,5,train/Run-Side/5117-8_70157_3.mp4,65,6,10
Run-Side,5,train/Run-Side/5117-8_70157_4.mp4,65,6,10
Run-Side,5,train/Run-Side/5117-8_70157_5.mp4,65,6,10
Run-Side,5,train/Run-Side/5117-8_70157_6.mp4,65,6,10
Run-Side,5,train/Run-Side/5117-8_70157_7.mp4,65,6,10
Run-Side,5,train/Run-Side/5117-8_70157_8.mp4,65,6,10
Run-Side,5,train/Run-Side/5238-17_700000_0.mp4,65,6,10
Run-Side,5,train/Run-Side/5238-17_700000_1.mp4,65,6,10
Run-Side,5,train/Run-Side/5238-17_700000_10.mp4,65,6,10
Run-Side,5,train/Run-Side/5238-17_700000_11.mp4,65,6,10
Run-Side,5,train/Run-Side/5238-17_700000_12.mp4,65,6,10
Run-Side,5,train/Run-Side/5238-17_700000_13.mp4,65,6,10
Run-Side,5,train/Run-Side/5238-17_700000_14.mp4,65,6,10
Run-Side,5,train/Run-Side/5238-17_700000_15.mp4,65,6,10
Run-Side,5,train/Run-Side/5238-17_700000_16.mp4,65,6,10
Run-Side,5,train/Run-Side/5238-17_700000_2.mp4,65,6,10
Run-Side,5,train/Run-Side/5238-17_700000_3.mp4,65,6,10
Run-Side,5,train/Run-Side/5238-17_700000_4.mp4,65,6,10
Run-Side,5,train/Run-Side/5238-17_700000_5.mp4,65,6,10
Run-Side,5,train/Run-Side/5238-17_700000_6.mp4,65,6,10
Run-Side,5,train/Run-Side/5238-17_700000_7.mp4,65,6,10
Run-Side,5,train/Run-Side/5238-17_700000_9.mp4,65,6,10
Run-Side,5,train/Run-Side/5238-17_701581_0.mp4,65,6,10
Run-Side,5,train/Run-Side/5238-17_701581_1.mp4,65,6,10
Run-Side,5,train/Run-Side/5238-17_701581_10.mp4,65,6,10
Run-Side,5,train/Run-Side/5238-17_701581_11.mp4,65,6,10
Run-Side,5,train/Run-Side/5238-17_701581_12.mp4,65,6,10
Run-Side,5,train/Run-Side/5238-17_701581_13.mp4,65,6,10
Run-Side,5,train/Run-Side/5238-17_701581_14.mp4,65,6,10
Run-Side,5,train/Run-Side/5238-17_701581_15.mp4,65,6,10
Run-Side,5,train/Run-Side/5238-17_701581_16.mp4,65,6,10
Run-Side,5,train/Run-Side/5238-17_701581_2.mp4,65,6,10
Run-Side,5,train/Run-Side/5238-17_701581_3.mp4,65,6,10
Run-Side,5,train/Run-Side/5238-17_701581_4.mp4,65,6,10
Run-Side,5,train/Run-Side/5238-17_701581_5.mp4,65,6,10
Run-Side,5,train/Run-Side/5238-17_701581_6.mp4,65,6,10
Run-Side,5,train/Run-Side/5238-17_701581_8.mp4,65,6,10
Run-Side,5,train/Run-Side/5238-17_701581_9.mp4,65,6,10
Run-Side,5,train/Run-Side/5373-10_70026_0.mp4,65,6,10
Run-Side,5,train/Run-Side/5373-10_70026_1.mp4,65,6,10
Run-Side,5,train/Run-Side/5373-10_70026_10.mp4,65,6,10
Run-Side,5,train/Run-Side/5373-10_70026_11.mp4,65,6,10
Run-Side,5,train/Run-Side/5373-10_70026_12.mp4,65,6,10
Run-Side,5,train/Run-Side/5373-10_70026_13.mp4,65,6,10
Run-Side,5,train/Run-Side/5373-10_70026_14.mp4,65,6,10
Run-Side,5,train/Run-Side/5373-10_70026_15.mp4,65,6,10
Run-Side,5,train/Run-Side/5373-10_70026_16.mp4,65,6,10
Run-Side,5,train/Run-Side/5373-10_70026_2.mp4,65,6,10
Run-Side,5,train/Run-Side/5373-10_70026_3.mp4,65,6,10
Run-Side,5,train/Run-Side/5373-10_70026_4.mp4,65,6,10
Run-Side,5,train/Run-Side/5373-10_70026_5.mp4,65,6,10
Run-Side,5,train/Run-Side/5373-10_70026_6.mp4,65,6,10
Run-Side,5,train/Run-Side/5117-8_70157_9.mp4,65,6,10
Run-Side,5,train/Run-Side/5238-17_700000_8.mp4,65,6,10
Run-Side,5,train/Run-Side/5238-17_701581_7.mp4,65,6,10
Run-Side,5,train/Run-Side/5373-10_70026_7.mp4,65,6,10
Run-Side,5,train/Run-Side/6065-8_70110_7.mp4,65,6,10
Run-Side,5,train/Run-Side/5373-10_70026_8.mp4,65,6,10
Run-Side,5,train/Run-Side/5373-10_70026_9.mp4,65,6,10
Run-Side,5,train/Run-Side/6065-8_70110_0.mp4,65,6,10
Run-Side,5,train/Run-Side/6065-8_70110_1.mp4,65,6,10
Run-Side,5,train/Run-Side/6065-8_70110_10.mp4,65,6,10
Run-Side,5,train/Run-Side/6065-8_70110_11.mp4,65,6,10
Run-Side,5,train/Run-Side/6065-8_70110_12.mp4,65,6,10
Run-Side,5,train/Run-Side/6065-8_70110_13.mp4,65,6,10
Run-Side,5,train/Run-Side/6065-8_70110_14.mp4,65,6,10
Run-Side,5,train/Run-Side/6065-8_70110_15.mp4,65,6,10
Run-Side,5,train/Run-Side/6065-8_70110_16.mp4,65,6,10
Run-Side,5,train/Run-Side/6065-8_70110_2.mp4,65,6,10
Run-Side,5,train/Run-Side/6065-8_70110_3.mp4,65,6,10
Run-Side,5,train/Run-Side/6065-8_70110_4.mp4,65,6,10
Run-Side,5,train/Run-Side/6065-8_70110_5.mp4,65,6,10
Run-Side,5,train/Run-Side/6065-8_70110_6.mp4,65,6,10
Run-Side,5,train/Run-Side/6065-8_70110_8.mp4,65,6,10
Run-Side,5,train/Run-Side/6065-8_70110_9.mp4,65,6,10
Run-Side,5,train/Run-Side/7850-5_70090_0.mp4,65,6,10
Run-Side,5,train/Run-Side/7850-5_70090_1.mp4,65,6,10
Run-Side,5,train/Run-Side/7850-5_70090_10.mp4,65,6,10
Run-Side,5,train/Run-Side/7850-5_70090_11.mp4,65,6,10
Run-Side,5,train/Run-Side/7850-5_70090_12.mp4,65,6,10
Run-Side,5,train/Run-Side/7850-5_70090_13.mp4,65,6,10
Run-Side,5,train/Run-Side/7850-5_70090_14.mp4,65,6,10
Run-Side,5,train/Run-Side/7850-5_70090_15.mp4,65,6,10
Run-Side,5,train/Run-Side/7850-5_70090_16.mp4,65,6,10
Run-Side,5,train/Run-Side/7850-5_70090_2.mp4,65,6,10
Run-Side,5,train/Run-Side/7850-5_70090_3.mp4,65,6,10
Run-Side,5,train/Run-Side/7850-5_70090_4.mp4,65,6,10
Run-Side,5,train/Run-Side/7850-5_70090_5.mp4,65,6,10
Run-Side,5,train/Run-Side/7850-5_70090_6.mp4,65,6,10
Run-Side,5,train/Run-Side/7850-5_70090_7.mp4,65,6,10
Run-Side,5,train/Run-Side/7850-5_70090_8.mp4,65,6,10
Run-Side,5,train/Run-Side/7850-5_70090_9.mp4,65,6,10
SkateBoarding-Front,6,train/SkateBoarding-Front/708-77009_0.mp4,70,6,10
SkateBoarding-Front,6,train/SkateBoarding-Front/708-77009_1.mp4,70,7,10
SkateBoarding-Front,6,train/SkateBoarding-Front/708-77009_10.mp4,70,7,10
SkateBoarding-Front,6,train/SkateBoarding-Front/708-77009_11.mp4,70,7,10
SkateBoarding-Front,6,train/SkateBoarding-Front/708-77009_12.mp4,70,7,10
SkateBoarding-Front,6,train/SkateBoarding-Front/708-77009_13.mp4,70,7,10
SkateBoarding-Front,6,train/SkateBoarding-Front/708-77009_14.mp4,70,7,10
SkateBoarding-Front,6,train/SkateBoarding-Front/708-77009_15.mp4,70,7,10
SkateBoarding-Front,6,train/SkateBoarding-Front/708-77009_16.mp4,70,7,10
SkateBoarding-Front,6,train/SkateBoarding-Front/708-77009_2.mp4,70,7,10
SkateBoarding-Front,6,train/SkateBoarding-Front/708-77009_3.mp4,70,7,10
SkateBoarding-Front,6,train/SkateBoarding-Front/708-77009_4.mp4,70,7,10
SkateBoarding-Front,6,train/SkateBoarding-Front/708-77009_5.mp4,70,7,10
SkateBoarding-Front,6,train/SkateBoarding-Front/708-77009_6.mp4,70,7,10
SkateBoarding-Front,6,train/SkateBoarding-Front/708-77009_7.mp4,70,7,10
SkateBoarding-Front,6,train/SkateBoarding-Front/708-77009_8.mp4,70,7,10
SkateBoarding-Front,6,train/SkateBoarding-Front/708-77009_9.mp4,70,7,10
SkateBoarding-Front,6,train/SkateBoarding-Front/761-39000_1.mp4,70,7,10
SkateBoarding-Front,6,train/SkateBoarding-Front/761-39000_10.mp4,70,7,10
SkateBoarding-Front,6,train/SkateBoarding-Front/761-39000_11.mp4,70,7,10
SkateBoarding-Front,6,train/SkateBoarding-Front/761-39000_12.mp4,70,7,10
SkateBoarding-Front,6,train/SkateBoarding-Front/761-39000_13.mp4,70,7,10
SkateBoarding-Front,6,train/SkateBoarding-Front/761-39000_14.mp4,70,7,10
SkateBoarding-Front,6,train/SkateBoarding-Front/761-39000_15.mp4,70,7,10
SkateBoarding-Front,6,train/SkateBoarding-Front/761-39000_16.mp4,70,7,10
SkateBoarding-Front,6,train/SkateBoarding-Front/761-39000_2.mp4,70,7,10
SkateBoarding-Front,6,train/SkateBoarding-Front/761-39000_3.mp4,70,7,10
SkateBoarding-Front,6,train/SkateBoarding-Front/761-39000_4.mp4,70,7,10
SkateBoarding-Front,6,train/SkateBoarding-Front/761-39000_5.mp4,70,7,10
SkateBoarding-Front,6,train/SkateBoarding-Front/761-39000_6.mp4,70,7,10
SkateBoarding-Front,6,train/SkateBoarding-Front/761-39000_7.mp4,70,7,10
SkateBoarding-Front,6,train/SkateBoarding-Front/761-39000_8.mp4,70,7,10
SkateBoarding-Front,6,train/SkateBoarding-Front/761-39000_9.mp4,70,7,10
SkateBoarding-Front,6,train/SkateBoarding-Front/860-2001_0.mp4,70,6,10
SkateBoarding-Front,6,train/SkateBoarding-Front/860-2001_10.mp4,70,7,10
SkateBoarding-Front,6,train/SkateBoarding-Front/860-2001_11.mp4,70,7,10
SkateBoarding-Front,6,train/SkateBoarding-Front/860-2001_12.mp4,70,7,10
SkateBoarding-Front,6,train/SkateBoarding-Front/860-2001_13.mp4,70,7,10
SkateBoarding-Front,6,train/SkateBoarding-Front/860-2001_14.mp4,70,7,10
SkateBoarding-Front,6,train/SkateBoarding-Front/860-2001_15.mp4,70,7,10
SkateBoarding-Front,6,train/SkateBoarding-Front/860-2001_16.mp4,70,7,10
SkateBoarding-Front,6,train/SkateBoarding-Front/860-2001_2.mp4,70,7,10
SkateBoarding-Front,6,train/SkateBoarding-Front/860-2001_3.mp4,70,7,10
SkateBoarding-Front,6,train/SkateBoarding-Front/860-2001_4.mp4,70,7,10
SkateBoarding-Front,6,train/SkateBoarding-Front/860-2001_5.mp4,70,7,10
SkateBoarding-Front,6,train/SkateBoarding-Front/860-2001_6.mp4,70,7,10
SkateBoarding-Front,6,train/SkateBoarding-Front/860-2001_7.mp4,70,7,10
SkateBoarding-Front,6,train/SkateBoarding-Front/860-2001_8.mp4,70,7,10
SkateBoarding-Front,6,train/SkateBoarding-Front/860-2001_9.mp4,70,7,10
SkateBoarding-Front,6,train/SkateBoarding-Front/860-37150_0.mp4,70,6,10
SkateBoarding-Front,6,train/SkateBoarding-Front/860-37150_1.mp4,70,7,10
SkateBoarding-Front,6,train/SkateBoarding-Front/860-37150_11.mp4,70,7,10
SkateBoarding-Front,6,train/SkateBoarding-Front/860-37150_12.mp4,70,7,10
SkateBoarding-Front,6,train/SkateBoarding-Front/860-37150_13.mp4,70,7,10
SkateBoarding-Front,6,train/SkateBoarding-Front/860-37150_14.mp4,70,7,10
SkateBoarding-Front,6,train/SkateBoarding-Front/860-37150_15.mp4,70,7,10
SkateBoarding-Front,6,train/SkateBoarding-Front/860-37150_16.mp4,70,7,10
SkateBoarding-Front,6,train/SkateBoarding-Front/860-37150_2.mp4,70,7,10
SkateBoarding-Front,6,train/SkateBoarding-Front/860-37150_3.mp4,70,7,10
SkateBoarding-Front,6,train/SkateBoarding-Front/860-37150_4.mp4,70,7,10
SkateBoarding-Front,6,train/SkateBoarding-Front/860-37150_5.mp4,70,7,10
SkateBoarding-Front,6,train/SkateBoarding-Front/860-37150_6.mp4,70,7,10
SkateBoarding-Front,6,train/SkateBoarding-Front/860-37150_7.mp4,70,7,10
SkateBoarding-Front,6,train/SkateBoarding-Front/860-37150_8.mp4,70,7,10
SkateBoarding-Front,6,train/SkateBoarding-Front/860-37150_9.mp4,70,7,10
SkateBoarding-Front,6,train/SkateBoarding-Front/860-38064_0.mp4,70,6,10
SkateBoarding-Front,6,train/SkateBoarding-Front/860-38064_1.mp4,70,7,10
SkateBoarding-Front,6,train/SkateBoarding-Front/860-38064_10.mp4,70,7,10
SkateBoarding-Front,6,train/SkateBoarding-Front/761-39000_0.mp4,70,6,10
SkateBoarding-Front,6,train/SkateBoarding-Front/860-2001_1.mp4,70,7,10
SkateBoarding-Front,6,train/SkateBoarding-Front/860-37150_10.mp4,70,7,10
SkateBoarding-Front,6,train/SkateBoarding-Front/860-38064_11.mp4,70,7,10
SkateBoarding-Front,6,train/SkateBoarding-Front/860-38064_12.mp4,70,7,10
SkateBoarding-Front,6,train/SkateBoarding-Front/860-38064_13.mp4,70,7,10
SkateBoarding-Front,6,train/SkateBoarding-Front/860-38064_14.mp4,70,7,10
SkateBoarding-Front,6,train/SkateBoarding-Front/860-38064_15.mp4,70,7,10
SkateBoarding-Front,6,train/SkateBoarding-Front/860-38064_16.mp4,70,7,10
SkateBoarding-Front,6,train/SkateBoarding-Front/860-38064_2.mp4,70,7,10
SkateBoarding-Front,6,train/SkateBoarding-Front/860-38064_3.mp4,70,7,10
SkateBoarding-Front,6,train/SkateBoarding-Front/860-38064_4.mp4,70,7,10
SkateBoarding-Front,6,train/SkateBoarding-Front/860-38064_5.mp4,70,7,10
SkateBoarding-Front,6,train/SkateBoarding-Front/860-38064_6.mp4,70,7,10
SkateBoarding-Front,6,train/SkateBoarding-Front/860-38064_7.mp4,70,7,10
SkateBoarding-Front,6,train/SkateBoarding-Front/860-38064_8.mp4,70,7,10
SkateBoarding-Front,6,train/SkateBoarding-Front/860-38064_9.mp4,70,7,10
SkateBoarding-Front,6,train/SkateBoarding-Front/947-70454_0.mp4,70,6,10
SkateBoarding-Front,6,train/SkateBoarding-Front/947-70454_1.mp4,70,7,10
SkateBoarding-Front,6,train/SkateBoarding-Front/947-70454_10.mp4,70,7,10
SkateBoarding-Front,6,train/SkateBoarding-Front/947-70454_11.mp4,70,7,10
SkateBoarding-Front,6,train/SkateBoarding-Front/947-70454_12.mp4,70,7,10
SkateBoarding-Front,6,train/SkateBoarding-Front/947-70454_13.mp4,70,7,10
SkateBoarding-Front,6,train/SkateBoarding-Front/947-70454_14.mp4,70,7,10
SkateBoarding-Front,6,train/SkateBoarding-Front/947-70454_15.mp4,70,7,10
SkateBoarding-Front,6,train/SkateBoarding-Front/947-70454_16.mp4,70,7,10
SkateBoarding-Front,6,train/SkateBoarding-Front/947-70454_2.mp4,70,7,10
SkateBoarding-Front,6,train/SkateBoarding-Front/947-70454_3.mp4,70,7,10
SkateBoarding-Front,6,train/SkateBoarding-Front/947-70454_4.mp4,70,7,10
SkateBoarding-Front,6,train/SkateBoarding-Front/947-70454_5.mp4,70,7,10
SkateBoarding-Front,6,train/SkateBoarding-Front/947-70454_6.mp4,70,7,10
SkateBoarding-Front,6,train/SkateBoarding-Front/947-70454_7.mp4,70,7,10
SkateBoarding-Front,6,train/SkateBoarding-Front/947-70454_8.mp4,70,7,10
SkateBoarding-Front,6,train/SkateBoarding-Front/947-70454_9.mp4,70,7,10
Swing-Bench,7,train/Swing-Bench/2527-12_70297_0.mp4,50,4,10
Swing-Bench,7,train/Swing-Bench/2527-12_70297_1.mp4,50,5,10
Swing-Bench,7,train/Swing-Bench/2527-12_70297_2.mp4,50,5,10
Swing-Bench,7,train/Swing-Bench/2527-12_70297_3.mp4,50,5,10
Swing-Bench,7,train/Swing-Bench/2527-12_70297_4.mp4,50,5,10
Swing-Bench,7,train/Swing-Bench/2527-12_70297_5.mp4,50,5,10
Swing-Bench,7,train/Swing-Bench/2527-12_70297_6.mp4,50,5,10
Swing-Bench,7,train/Swing-Bench/2527-12_70297_7.mp4,50,5,10
Swing-Bench,7,train/Swing-Bench/2527-12_70297_8.mp4,50,5,10
Swing-Bench,7,train/Swing-Bench/2527-12_70297_9.mp4,50,5,10
Swing-Bench,7,train/Swing-Bench/2527-12_70574_0.mp4,50,4,10
Swing-Bench,7,train/Swing-Bench/2527-12_70574_1.mp4,50,5,10
Swing-Bench,7,train/Swing-Bench/2527-12_70574_2.mp4,50,5,10
Swing-Bench,7,train/Swing-Bench/2527-12_70574_3.mp4,50,5,10
Swing-Bench,7,train/Swing-Bench/2527-12_70574_4.mp4,50,5,10
Swing-Bench,7,train/Swing-Bench/2527-12_70574_5.mp4,50,5,10
Swing-Bench,7,train/Swing-Bench/2527-12_70574_7.mp4,50,5,10
Swing-Bench,7,train/Swing-Bench/2527-12_70574_8.mp4,50,5,10
Swing-Bench,7,train/Swing-Bench/2527-12_70574_9.mp4,50,5,10
Swing-Bench,7,train/Swing-Bench/2527-12_70641_0.mp4,50,4,10
Swing-Bench,7,train/Swing-Bench/2527-12_70641_1.mp4,50,5,10
Swing-Bench,7,train/Swing-Bench/2527-12_70641_2.mp4,50,5,10
Swing-Bench,7,train/Swing-Bench/2527-12_70641_3.mp4,50,5,10
Swing-Bench,7,train/Swing-Bench/2527-12_70641_4.mp4,50,5,10
Swing-Bench,7,train/Swing-Bench/2527-12_70641_5.mp4,50,5,10
Swing-Bench,7,train/Swing-Bench/2527-12_70641_6.mp4,50,5,10
Swing-Bench,7,train/Swing-Bench/2527-12_70641_7.mp4,50,5,10
Swing-Bench,7,train/Swing-Bench/2527-12_70641_8.mp4,50,5,10
Swing-Bench,7,train/Swing-Bench/2527-12_70641_9.mp4,50,5,10
Swing-Bench,7,train/Swing-Bench/2527-5_70020_0.mp4,50,4,10
Swing-Bench,7,train/Swing-Bench/2527-5_70020_1.mp4,50,5,10
Swing-Bench,7,train/Swing-Bench/2527-5_70020_2.mp4,50,5,10
Swing-Bench,7,train/Swing-Bench/2527-5_70020_4.mp4,50,5,10
Swing-Bench,7,train/Swing-Bench/2527-5_70020_5.mp4,50,5,10
Swing-Bench,7,train/Swing-Bench/2527-5_70020_6.mp4,50,5,10
Swing-Bench,7,train/Swing-Bench/2527-5_70020_7.mp4,50,5,10
Swing-Bench,7,train/Swing-Bench/2527-5_70020_8.mp4,50,5,10
Swing-Bench,7,train/Swing-Bench/2527-5_70020_9.mp4,50,5,10
Swing-Bench,7,train/Swing-Bench/2527-5_70114_0.mp4,50,4,10
Swing-Bench,7,train/Swing-Bench/2527-5_70114_1.mp4,50,5,10
Swing-Bench,7,train/Swing-Bench/2527-5_70114_2.mp4,50,5,10
Swing-Bench,7,train/Swing-Bench/2527-5_70114_3.mp4,50,5,10
Swing-Bench,7,train/Swing-Bench/2527-5_70114_4.mp4,50,5,10
Swing-Bench,7,train/Swing-Bench/2527-5_70114_5.mp4,50,5,10
Swing-Bench,7,train/Swing-Bench/2527-5_70114_6.mp4,50,5,10
Swing-Bench,7,train/Swing-Bench/2527-5_70114_7.mp4,50,5,10
Swing-Bench,7,train/Swing-Bench/2527-5_70114_8.mp4,50,5,10
Swing-Bench,7,train/Swing-Bench/2527-5_70114_9.mp4,50,5,10
Swing-Bench,7,train/Swing-Bench/4379-9_70018_0.mp4,50,4,10
Swing-Bench,7,train/Swing-Bench/4379-9_70018_2.mp4,50,5,10
Swing-Bench,7,train/Swing-Bench/4379-9_70018_3.mp4,50,5,10
Swing-Bench,7,train/Swing-Bench/4379-9_70018_4.mp4,50,5,10
Swing-Bench,7,train/Swing-Bench/4379-9_70018_5.mp4,50,5,10
Swing-Bench,7,train/Swing-Bench/4379-9_70018_6.mp4,50,5,10
Swing-Bench,7,train/Swing-Bench/4379-9_70018_7.mp4,50,5,10
Swing-Bench,7,train/Swing-Bench/4379-9_70018_8.mp4,50,5,10
Swing-Bench,7,train/Swing-Bench/4379-9_70018_9.mp4,50,5,10
Swing-Bench,7,train/Swing-Bench/669-60084_0.mp4,50,4,10
Swing-Bench,7,train/Swing-Bench/669-60084_1.mp4,50,5,10
Swing-Bench,7,train/Swing-Bench/669-60084_2.mp4,50,5,10
Swing-Bench,7,train/Swing-Bench/669-60084_3.mp4,50,5,10
Swing-Bench,7,train/Swing-Bench/669-60084_4.mp4,50,5,10
Swing-Bench,7,train/Swing-Bench/669-60084_5.mp4,50,5,10
Swing-Bench,7,train/Swing-Bench/669-60084_6.mp4,50,5,10
Swing-Bench,7,train/Swing-Bench/669-60084_7.mp4,50,5,10
Swing-Bench,7,train/Swing-Bench/669-60084_8.mp4,50,5,10
Swing-Bench,7,train/Swing-Bench/2527-12_70574_6.mp4,50,5,10
Swing-Bench,7,train/Swing-Bench/2527-5_70020_3.mp4,50,5,10
Swing-Bench,7,train/Swing-Bench/4379-9_70018_1.mp4,50,5,10
Swing-Bench,7,train/Swing-Bench/669-60084_9.mp4,50,5,10
Swing-Bench,7,train/Swing-Bench/669-60176_0.mp4,50,4,10
Swing-Bench,7,train/Swing-Bench/669-60176_1.mp4,50,5,10
Swing-Bench,7,train/Swing-Bench/669-60176_2.mp4,50,5,10
Swing-Bench,7,train/Swing-Bench/669-60176_3.mp4,50,5,10
Swing-Bench,7,train/Swing-Bench/669-60176_4.mp4,50,5,10
Swing-Bench,7,train/Swing-Bench/669-60176_5.mp4,50,5,10
Swing-Bench,7,train/Swing-Bench/669-60176_6.mp4,50,5,10
Swing-Bench,7,train/Swing-Bench/669-60176_7.mp4,50,5,10
Swing-Bench,7,train/Swing-Bench/669-60176_8.mp4,50,5,10
Swing-Bench,7,train/Swing-Bench/669-60176_9.mp4,50,5,10
Swing-Bench,7,train/Swing-Bench/669-60220_0.mp4,50,4,10
Swing-Bench,7,train/Swing-Bench/669-60220_1.mp4,50,5,10
Swing-Bench,7,train/Swing-Bench/669-60220_2.mp4,50,5,10
Swing-Bench,7,train/Swing-Bench/669-60220_3.mp4,50,5,10
Swing-Bench,7,train/Swing-Bench/669-60220_4.mp4,50,5,10
Swing-Bench,7,train/Swing-Bench/669-60220_5.mp4,50,5,10
Swing-Bench,7,train/Swing-Bench/669-60220_6.mp4,50,5,10
Swing-Bench,7,train/Swing-Bench/669-60220_7.mp4,50,5,10
Swing-Bench,7,train/Swing-Bench/669-60220_8.mp4,50,5,10
Swing-Bench,7,train/Swing-Bench/669-60220_9.mp4,50,5,10
Swing-Bench,7,train/Swing-Bench/669-67070_0.mp4,50,4,10
Swing-Bench,7,train/Swing-Bench/669-67070_1.mp4,50,5,10
Swing-Bench,7,train/Swing-Bench/669-67070_2.mp4,50,5,10
Swing-Bench,7,train/Swing-Bench/669-67070_3.mp4,50,5,10
Swing-Bench,7,train/Swing-Bench/669-67070_4.mp4,50,5,10
Swing-Bench,7,train/Swing-Bench/669-67070_5.mp4,50,5,10
Swing-Bench,7,train/Swing-Bench/669-67070_6.mp4,50,5,10
Swing-Bench,7,train/Swing-Bench/669-67070_7.mp4,50,5,10
Swing-Bench,7,train/Swing-Bench/669-67070_8.mp4,50,5,10
Swing-Bench,7,train/Swing-Bench/669-67070_9.mp4,50,5,10
Swing-SideAngle,8,train/Swing-SideAngle/4367-6_70167_0.mp4,75,7,10
Swing-SideAngle,8,train/Swing-SideAngle/4367-6_70167_1.mp4,75,7,10
Swing-SideAngle,8,train/Swing-SideAngle/4367-6_70167_10.mp4,75,7,10
Swing-SideAngle,8,train/Swing-SideAngle/4367-6_70167_11.mp4,75,7,10
Swing-SideAngle,8,train/Swing-SideAngle/4367-6_70167_12.mp4,75,7,10
Swing-SideAngle,8,train/Swing-SideAngle/4367-6_70167_13.mp4,75,7,10
Swing-SideAngle,8,train/Swing-SideAngle/4367-6_70167_14.mp4,75,7,10
Swing-SideAngle,8,train/Swing-SideAngle/4367-6_70167_15.mp4,75,7,10
Swing-SideAngle,8,train/Swing-SideAngle/4367-6_70167_16.mp4,75,7,10
Swing-SideAngle,8,train/Swing-SideAngle/4367-6_70167_17.mp4,75,7,10
Swing-SideAngle,8,train/Swing-SideAngle/4367-6_70167_18.mp4,75,7,10
Swing-SideAngle,8,train/Swing-SideAngle/4367-6_70167_19.mp4,75,7,10
Swing-SideAngle,8,train/Swing-SideAngle/4367-6_70167_2.mp4,75,7,10
Swing-SideAngle,8,train/Swing-SideAngle/4367-6_70167_3.mp4,75,7,10
Swing-SideAngle,8,train/Swing-SideAngle/4367-6_70167_4.mp4,75,7,10
Swing-SideAngle,8,train/Swing-SideAngle/4367-6_70167_5.mp4,75,7,10
Swing-SideAngle,8,train/Swing-SideAngle/4367-6_70167_6.mp4,75,7,10
Swing-SideAngle,8,train/Swing-SideAngle/4367-6_70167_8.mp4,75,7,10
Swing-SideAngle,8,train/Swing-SideAngle/4367-6_70167_9.mp4,75,7,10
Swing-SideAngle,8,train/Swing-SideAngle/vid1_0117_0.mp4,35,3,10
Swing-SideAngle,8,train/Swing-SideAngle/vid1_0117_1.mp4,35,3,10
Swing-SideAngle,8,train/Swing-SideAngle/vid1_0117_10.mp4,35,3,10
Swing-SideAngle,8,train/Swing-SideAngle/vid1_0117_11.mp4,35,3,10
Swing-SideAngle,8,train/Swing-SideAngle/vid1_0117_12.mp4,35,3,10
Swing-SideAngle,8,train/Swing-SideAngle/vid1_0117_13.mp4,35,3,10
Swing-SideAngle,8,train/Swing-SideAngle/vid1_0117_14.mp4,35,3,10
Swing-SideAngle,8,train/Swing-SideAngle/vid1_0117_15.mp4,35,3,10
Swing-SideAngle,8,train/Swing-SideAngle/vid1_0117_16.mp4,35,3,10
Swing-SideAngle,8,train/Swing-SideAngle/vid1_0117_17.mp4,35,3,10
Swing-SideAngle,8,train/Swing-SideAngle/vid1_0117_18.mp4,35,3,10
Swing-SideAngle,8,train/Swing-SideAngle/vid1_0117_19.mp4,35,3,10
Swing-SideAngle,8,train/Swing-SideAngle/vid1_0117_2.mp4,35,3,10
Swing-SideAngle,8,train/Swing-SideAngle/vid1_0117_3.mp4,35,3,10
Swing-SideAngle,8,train/Swing-SideAngle/vid1_0117_4.mp4,35,3,10
Swing-SideAngle,8,train/Swing-SideAngle/vid1_0117_6.mp4,35,3,10
Swing-SideAngle,8,train/Swing-SideAngle/vid1_0117_7.mp4,35,3,10
Swing-SideAngle,8,train/Swing-SideAngle/vid1_0117_8.mp4,35,3,10
Swing-SideAngle,8,train/Swing-SideAngle/vid1_0117_9.mp4,35,3,10
Swing-SideAngle,8,train/Swing-SideAngle/vid1_0302_0.mp4,14,1,10
Swing-SideAngle,8,train/Swing-SideAngle/vid1_0302_1.mp4,14,1,10
Swing-SideAngle,8,train/Swing-SideAngle/vid1_0302_10.mp4,14,1,10
Swing-SideAngle,8,train/Swing-SideAngle/vid1_0302_11.mp4,14,1,10
Swing-SideAngle,8,train/Swing-SideAngle/vid1_0302_12.mp4,14,1,10
Swing-SideAngle,8,train/Swing-SideAngle/vid1_0302_13.mp4,14,1,10
Swing-SideAngle,8,train/Swing-SideAngle/vid1_0302_14.mp4,14,1,10
Swing-SideAngle,8,train/Swing-SideAngle/vid1_0302_15.mp4,14,1,10
Swing-SideAngle,8,train/Swing-SideAngle/vid1_0302_16.mp4,14,1,10
Swing-SideAngle,8,train/Swing-SideAngle/vid1_0302_17.mp4,14,1,10
Swing-SideAngle,8,train/Swing-SideAngle/vid1_0302_18.mp4,14,1,10
Swing-SideAngle,8,train/Swing-SideAngle/vid1_0302_19.mp4,14,1,10
Swing-SideAngle,8,train/Swing-SideAngle/vid1_0302_2.mp4,14,1,10
Swing-SideAngle,8,train/Swing-SideAngle/vid1_0302_4.mp4,14,1,10
Swing-SideAngle,8,train/Swing-SideAngle/vid1_0302_5.mp4,14,1,10
Swing-SideAngle,8,train/Swing-SideAngle/vid1_0302_6.mp4,14,1,10
Swing-SideAngle,8,train/Swing-SideAngle/vid1_0302_7.mp4,14,1,10
Swing-SideAngle,8,train/Swing-SideAngle/vid1_0302_8.mp4,14,1,10
Swing-SideAngle,8,train/Swing-SideAngle/vid1_0302_9.mp4,14,1,10
Swing-SideAngle,8,train/Swing-SideAngle/vid1_0461_0.mp4,75,7,10
Swing-SideAngle,8,train/Swing-SideAngle/vid1_0461_1.mp4,75,7,10
Swing-SideAngle,8,train/Swing-SideAngle/vid1_0461_10.mp4,75,7,10
Swing-SideAngle,8,train/Swing-SideAngle/vid1_0461_11.mp4,75,7,10
Swing-SideAngle,8,train/Swing-SideAngle/vid1_0461_12.mp4,75,7,10
Swing-SideAngle,8,train/Swing-SideAngle/vid1_0461_13.mp4,75,7,10
Swing-SideAngle,8,train/Swing-SideAngle/vid1_0461_14.mp4,75,7,10
Swing-SideAngle,8,train/Swing-SideAngle/vid1_0461_15.mp4,75,7,10
Swing-SideAngle,8,train/Swing-SideAngle/vid1_0461_16.mp4,75,7,10
Swing-SideAngle,8,train/Swing-SideAngle/vid1_0461_17.mp4,75,7,10
Swing-SideAngle,8,train/Swing-SideAngle/vid1_0461_18.mp4,75,7,10
Swing-SideAngle,8,train/Swing-SideAngle/4367-6_70167_7.mp4,75,7,10
Swing-SideAngle,8,train/Swing-SideAngle/vid1_0117_5.mp4,35,3,10
Swing-SideAngle,8,train/Swing-SideAngle/vid1_0302_3.mp4,14,1,10
Swing-SideAngle,8,train/Swing-SideAngle/vid1_0461_19.mp4,75,7,10
Swing-SideAngle,8,train/Swing-SideAngle/vid1_0461_2.mp4,75,7,10
Swing-SideAngle,8,train/Swing-SideAngle/vid1_0461_3.mp4,75,7,10
Swing-SideAngle,8,train/Swing-SideAngle/vid1_0461_4.mp4,75,7,10
Swing-SideAngle,8,train/Swing-SideAngle/vid1_0461_5.mp4,75,7,10
Swing-SideAngle,8,train/Swing-SideAngle/vid1_0461_6.mp4,75,7,10
Swing-SideAngle,8,train/Swing-SideAngle/vid1_0461_7.mp4,75,7,10
Swing-SideAngle,8,train/Swing-SideAngle/vid1_0461_8.mp4,75,7,10
Swing-SideAngle,8,train/Swing-SideAngle/vid1_0461_9.mp4,75,7,10
Swing-SideAngle,8,train/Swing-SideAngle/vid1_0855_0.mp4,75,7,10
Swing-SideAngle,8,train/Swing-SideAngle/vid1_0855_1.mp4,75,7,10
Swing-SideAngle,8,train/Swing-SideAngle/vid1_0855_10.mp4,75,7,10
Swing-SideAngle,8,train/Swing-SideAngle/vid1_0855_11.mp4,75,7,10
Swing-SideAngle,8,train/Swing-SideAngle/vid1_0855_12.mp4,75,7,10
Swing-SideAngle,8,train/Swing-SideAngle/vid1_0855_13.mp4,75,7,10
Swing-SideAngle,8,train/Swing-SideAngle/vid1_0855_14.mp4,75,7,10
Swing-SideAngle,8,train/Swing-SideAngle/vid1_0855_15.mp4,75,7,10
Swing-SideAngle,8,train/Swing-SideAngle/vid1_0855_16.mp4,75,7,10
Swing-SideAngle,8,train/Swing-SideAngle/vid1_0855_17.mp4,75,7,10
Swing-SideAngle,8,train/Swing-SideAngle/vid1_0855_18.mp4,75,7,10
Swing-SideAngle,8,train/Swing-SideAngle/vid1_0855_19.mp4,75,7,10
Swing-SideAngle,8,train/Swing-SideAngle/vid1_0855_2.mp4,75,7,10
Swing-SideAngle,8,train/Swing-SideAngle/vid1_0855_3.mp4,75,7,10
Swing-SideAngle,8,train/Swing-SideAngle/vid1_0855_4.mp4,75,7,10
Swing-SideAngle,8,train/Swing-SideAngle/vid1_0855_5.mp4,75,7,10
Swing-SideAngle,8,train/Swing-SideAngle/vid1_0855_6.mp4,75,7,10
Swing-SideAngle,8,train/Swing-SideAngle/vid1_0855_7.mp4,75,7,10
Swing-SideAngle,8,train/Swing-SideAngle/vid1_0855_8.mp4,75,7,10
Swing-SideAngle,8,train/Swing-SideAngle/vid1_0855_9.mp4,75,7,10
Walk-Front,9,train/Walk-Front/5561-7_70102_0.mp4,101,10,10
Walk-Front,9,train/Walk-Front/5561-7_70102_1.mp4,101,10,10
Walk-Front,9,train/Walk-Front/5561-7_70102_2.mp4,101,10,10
Walk-Front,9,train/Walk-Front/5561-7_70102_3.mp4,101,10,10
Walk-Front,9,train/Walk-Front/5561-7_70102_4.mp4,101,10,10
Walk-Front,9,train/Walk-Front/5561-7_70102_5.mp4,101,10,10
Walk-Front,9,train/Walk-Front/5561-7_70102_6.mp4,101,10,10
Walk-Front,9,train/Walk-Front/5561-7_70102_7.mp4,101,10,10
Walk-Front,9,train/Walk-Front/5561-7_70102_8.mp4,101,10,10
Walk-Front,9,train/Walk-Front/7608-3_70626_0.mp4,101,10,10
Walk-Front,9,train/Walk-Front/7608-3_70626_1.mp4,101,10,10
Walk-Front,9,train/Walk-Front/7608-3_70626_2.mp4,101,10,10
Walk-Front,9,train/Walk-Front/7608-3_70626_3.mp4,101,10,10
Walk-Front,9,train/Walk-Front/7608-3_70626_4.mp4,101,10,10
Walk-Front,9,train/Walk-Front/7608-3_70626_5.mp4,101,10,10
Walk-Front,9,train/Walk-Front/7608-3_70626_6.mp4,101,10,10
Walk-Front,9,train/Walk-Front/7608-3_70626_8.mp4,101,10,10
Walk-Front,9,train/Walk-Front/RF1-10578_70285_0.mp4,101,10,10
Walk-Front,9,train/Walk-Front/RF1-10578_70285_1.mp4,101,10,10
Walk-Front,9,train/Walk-Front/RF1-10578_70285_2.mp4,101,10,10
Walk-Front,9,train/Walk-Front/RF1-10578_70285_3.mp4,101,10,10
Walk-Front,9,train/Walk-Front/RF1-10578_70285_4.mp4,101,10,10
Walk-Front,9,train/Walk-Front/RF1-10578_70285_5.mp4,101,10,10
Walk-Front,9,train/Walk-Front/RF1-10578_70285_6.mp4,101,10,10
Walk-Front,9,train/Walk-Front/RF1-10578_70285_7.mp4,101,10,10
Walk-Front,9,train/Walk-Front/RF1-10578_70285_8.mp4,101,10,10
Walk-Front,9,train/Walk-Front/RF1-11529_70033_0.mp4,68,6,10
Walk-Front,9,train/Walk-Front/RF1-11529_70033_1.mp4,68,6,10
Walk-Front,9,train/Walk-Front/RF1-11529_70033_2.mp4,68,6,10
Walk-Front,9,train/Walk-Front/RF1-11529_70033_3.mp4,68,6,10
Walk-Front,9,train/Walk-Front/RF1-11529_70033_4.mp4,68,6,10
Walk-Front,9,train/Walk-Front/RF1-11529_70033_6.mp4,68,6,10
Walk-Front,9,train/Walk-Front/RF1-11529_70033_7.mp4,68,6,10
Walk-Front,9,train/Walk-Front/RF1-11529_70033_8.mp4,68,6,10
Walk-Front,9,train/Walk-Front/RF1-13204_70095_0.mp4,71,7,10
Walk-Front,9,train/Walk-Front/RF1-13204_70095_1.mp4,71,7,10
Walk-Front,9,train/Walk-Front/RF1-13204_70095_2.mp4,71,7,10
Walk-Front,9,train/Walk-Front/RF1-13204_70095_3.mp4,71,7,10
Walk-Front,9,train/Walk-Front/RF1-13204_70095_4.mp4,71,7,10
Walk-Front,9,train/Walk-Front/RF1-13204_70095_5.mp4,71,7,10
Walk-Front,9,train/Walk-Front/RF1-13204_70095_6.mp4,71,7,10
Walk-Front,9,train/Walk-Front/RF1-13204_70095_7.mp4,71,7,10
Walk-Front,9,train/Walk-Front/RF1-13204_70095_8.mp4,71,7,10
Walk-Front,9,train/Walk-Front/RF1-15295_70060_0.mp4,101,10,10
Walk-Front,9,train/Walk-Front/RF1-15295_70060_1.mp4,101,10,10
Walk-Front,9,train/Walk-Front/RF1-15295_70060_2.mp4,101,10,10
Walk-Front,9,train/Walk-Front/RF1-15295_70060_4.mp4,101,10,10
Walk-Front,9,train/Walk-Front/RF1-15295_70060_5.mp4,101,10,10
Walk-Front,9,train/Walk-Front/RF1-15295_70060_6.mp4,101,10,10
Walk-Front,9,train/Walk-Front/RF1-15295_70060_7.mp4,101,10,10
Walk-Front,9,train/Walk-Front/RF1-15295_70060_8.mp4,101,10,10
Walk-Front,9,train/Walk-Front/RF1-18075_70140_0.mp4,103,10,10
Walk-Front,9,train/Walk-Front/RF1-18075_70140_1.mp4,103,10,10
Walk-Front,9,train/Walk-Front/RF1-18075_70140_2.mp4,103,10,10
Walk-Front,9,train/Walk-Front/RF1-18075_70140_3.mp4,103,10,10
Walk-Front,9,train/Walk-Front/RF1-18075_70140_4.mp4,103,10,10
Walk-Front,9,train/Walk-Front/RF1-18075_70140_5.mp4,103,10,10
Walk-Front,9,train/Walk-Front/RF1-18075_70140_6.mp4,103,10,10
Walk-Front,9,train/Walk-Front/RF1-18075_70140_7.mp4,103,10,10
Walk-Front,9,train/Walk-Front/RF1-18075_70140_8.mp4,103,10,10
Walk-Front,9,train/Walk-Front/RF1-18156_70301_0.mp4,37,3,10
Walk-Front,9,train/Walk-Front/7608-3_70626_7.mp4,101,10,10
Walk-Front,9,train/Walk-Front/RF1-11529_70033_5.mp4,68,6,10
Walk-Front,9,train/Walk-Front/RF1-15295_70060_3.mp4,101,10,10
Walk-Front,9,train/Walk-Front/RF1-18156_70301_1.mp4,37,3,10
Walk-Front,9,train/Walk-Front/RF1-18524_70031_8.mp4,101,10,10
Walk-Front,9,train/Walk-Front/RF1-18156_70301_2.mp4,37,3,10
Walk-Front,9,train/Walk-Front/RF1-18156_70301_3.mp4,37,3,10
Walk-Front,9,train/Walk-Front/RF1-18156_70301_4.mp4,37,3,10
Walk-Front,9,train/Walk-Front/RF1-18156_70301_5.mp4,37,3,10
Walk-Front,9,train/Walk-Front/RF1-18156_70301_6.mp4,37,3,10
Walk-Front,9,train/Walk-Front/RF1-18156_70301_7.mp4,37,3,10
Walk-Front,9,train/Walk-Front/RF1-18156_70301_8.mp4,37,3,10
Walk-Front,9,train/Walk-Front/RF1-18524_70031_0.mp4,101,10,10
Walk-Front,9,train/Walk-Front/RF1-18524_70031_1.mp4,101,10,10
Walk-Front,9,train/Walk-Front/RF1-18524_70031_2.mp4,101,10,10
Walk-Front,9,train/Walk-Front/RF1-18524_70031_3.mp4,101,10,10
Walk-Front,9,train/Walk-Front/RF1-18524_70031_4.mp4,101,10,10
Walk-Front,9,train/Walk-Front/RF1-18524_70031_5.mp4,101,10,10
Walk-Front,9,train/Walk-Front/RF1-18524_70031_6.mp4,101,10,10
Walk-Front,9,train/Walk-Front/RF1-18524_70031_7.mp4,101,10,10
Walk-Front,9,train/Walk-Front/RF1-18526_70364_0.mp4,101,10,10
Walk-Front,9,train/Walk-Front/RF1-18526_70364_1.mp4,101,10,10
Walk-Front,9,train/Walk-Front/RF1-18526_70364_2.mp4,101,10,10
Walk-Front,9,train/Walk-Front/RF1-18526_70364_3.mp4,101,10,10
Walk-Front,9,train/Walk-Front/RF1-18526_70364_4.mp4,101,10,10
Walk-Front,9,train/Walk-Front/RF1-18526_70364_5.mp4,101,10,10
Walk-Front,9,train/Walk-Front/RF1-18526_70364_6.mp4,101,10,10
Walk-Front,9,train/Walk-Front/RF1-18526_70364_7.mp4,101,10,10
Walk-Front,9,train/Walk-Front/RF1-18526_70364_8.mp4,101,10,10
Walk-Front,9,train/Walk-Front/RF1-18602_70140_0.mp4,144,14,10
Walk-Front,9,train/Walk-Front/RF1-18602_70140_1.mp4,144,14,10
Walk-Front,9,train/Walk-Front/RF1-18602_70140_2.mp4,144,14,10
Walk-Front,9,train/Walk-Front/RF1-18602_70140_3.mp4,144,14,10
Walk-Front,9,train/Walk-Front/RF1-18602_70140_4.mp4,144,14,10
Walk-Front,9,train/Walk-Front/RF1-18602_70140_5.mp4,144,14,10
Walk-Front,9,train/Walk-Front/RF1-18602_70140_6.mp4,144,14,10
Walk-Front,9,train/Walk-Front/RF1-18602_70140_7.mp4,144,14,10
Walk-Front,9,train/Walk-Front/RF1-18602_70140_8.mp4,144,14,10
